"organization","records","datasets"
"Université Libre de Bruxelles",1808346,3
"Department of Biological Sciences, Macquarie University",1807446,2
"Alfred-Wegener-Institut Helmholtz-Zentrum für Polar- und Meeresforschung",1807104,1
"Antarctic Climate and Ecosystems Cooperative Research Centre, University of Tasmania,",1807104,1
"Australian Antarctic Division, Department of the Environment",1807104,1
"BEDIC, OD Nature, Royal Belgian Institute for Natural Sciences",1807104,1
"British Antarctic Survey, Natural Environment Research Council",1807104,1
"Centre d’Etudes Biologiques de Chizé, Station d’Écologie de Chizé-Université de La Rochelle",1807104,1
"Department of Ecology and Evolutionary Biology, University of California Santa Cruz",1807104,1
"Department of Ecology and Evolutionary Biology, University of California Santa Cruz, Long Marine Lab",1807104,1
"H.T. Harvey &amp; Associates",1807104,1
"Hatfield Marine Science Center",1807104,1
"Institute for Marine and Antarctic Studies, University of Tasmania",1807104,1
"National Institute of Water and Atmospheric Research",1807104,1
"National Institute of Water and Atmospheric Research Ltd",1807104,1
"OHatfield Marine Science Center",1807104,1
"Sorbonne Universités, UPMC University, Paris 06",1807104,1
"Université Libre de Bruxelles, Marine Biology Lab",1807104,1
"Flanders Marine Institute (VLIZ)",1023107,125
"U.S. Geological Survey",714004,11
"Intergovernmental Oceanographic Commission of UNESCO",641897,100
"Australian Antarctic Data Centre",641110,45
"National Oceanic and Atmospheric Administration",633458,1
"Marine Biological Association of the UK (MBA)",442777,9
"The Sir Alister Hardy Foundation for Ocean Science The Laboratory (SAHFOS)",422736,3
"Institut de Recherche pour le Développement (IRD)",235692,4
"CSIRO Oceans and Atmosphere",215306,63
"Australian Antarctic Division; Australian Antarctic Data Centre",199115,23
"Fisheries and Oceans Canada",163250,21
"Antarctic Biodiversity Information Facility (ANTABIF)",162072,71
"Woods Hole Oceanographic Institution; Marine Biological Laboratory The Josephine Bay Paul Center in Camparative Molecular Biology and Evolution (WHOI)",132528,1
"Marine Geospatial Ecology Lab, Duke University",102317,267
"Antarctic Biodiversity Portal",100868,1
"NIWA",90026,32
"Tulane University Biodiversity Research Institute",78787,1
"Thünen Institute of Sea Fisheries",78326,11
"National Oceanographic and Atmospheric Administration",74181,2
"Natural Environment Research Council; British Antarctic Survey",62496,5
"Commission for the Conservation of Antarctic Marine Living Resources",61942,1
"Woods Hole Oceanographic Institution",59234,7
"Australian Antarctic Division",58320,6
"Smithsonian Institution; National Museum of Natural History Department of Invertebrate Zoology (NMNM-IZ)",57631,1
"Smithsonian Institution; National Museum of Natural History; Department of Invertebrate Zoology (IZ)",57631,1
"Tohoku National Fisheries Research Institute, Japan Fisheries Research and Education Agency",55542,1
"Federal Government of the United States of America; Department of Commerce; National Oceanic and Atmospheric Administration; National Marine Fisheries Service; Southeast Fisheries Science Center (SEFSC)",53000,1
"National Oceanic and Atmospheric Administration; National Marine Fisheries Service Southeast Fisheries Science Center (NOAA-SEFSC)",53000,1
"Woods Hole Oceanographic Institution (WHOI)",50124,2
"University of Southampton National Oceanography Centre (SOTON-NOC)",49536,3
"University of Alaska Fairbanks - School of Fisheries and Oceans",48375,19
"University of South Florida; College of Marine Science",47835,3
"British Antarctic Survey",45121,8
"Canadian Wildlife Service",38028,2
"Australian Antarctic Division Australian Antarctic Data Centre (AAD)",37127,12
"OBIS Canada",36047,5
"University of Bremen Centre for Marine Environmental Sciences (MARUM)",33782,5
"The National Science Foundation (NSF)",32374,1
"Natural Environment Research Council; British Antarctic Survey (BAS)",30992,3
"Australian Antarctic Division (AAD)",28975,11
"Alfred Wegener Institute for Polar- and Marine Research (AWI)",25335,6
"Environment Canada - Canadian Wildlife Service",24984,1
"Royal Belgian Institute of Natural Sciences; Departement Educatie en Natuur; Afdeling Zoetwaterbiologie",22194,20
"International Council for the Exploration of the Sea (ICES)",21564,8
"Eberhard Karls University of Tübingen",21145,1
"JAMSTEC",19051,2
"British Oceanographic Data Centre (BODC)",18485,1
"National Natural History Museum Paris (MNHN)",17336,2
"University of Alaska Fairbanks; School of Fisheries and Ocean Sciences; Institute of Marine Science",16940,4
"Institute of Marine Research (IMR)",16363,6
"Duke University Marine Laboratory",16250,10
"WCS Canada",15269,1
"Australia National University; Research School of Earth Sciences",15249,1
"Helen  Campbell",15080,1
"Natural History Museum (NHM)",14522,2
"University of British Columbia",13610,3
"Christian-Albrechts-University Kiel (CAU)",13458,2
"Japan Oceanographic Data Center",12944,1
"National Academy of Sciences of Ukraine Institute of Biology of the Southern Seas (NASU-IBSS)",11547,12
"Plymouth Marine Laboratory",11371,2
"NOAA Fisheries",11033,3
"Institute of Marine Research",10973,2
"ANTABIS",10951,1
"Antarctic Climate and Ecosystems Cooperative Research Centre (ACE CRC)",10951,1
"biodiversity.aq",10951,1
"Britisch Antarctic Survey",10951,1
"Moss Landing Marine Laboratories",10951,1
"Sir Alister Hardy Foundation for Ocean Sciences",10951,1
"Tokai University",10951,1
"University College Cork",10951,1
"University of California at Santa Barbara",10951,1
"University of Oviedo",10951,1
"University of South Florida",10951,1
"Virginia Institute of Marine Science",10951,1
"World Wildlife Fund",10951,1
"NOAA Southwest Fisheries Science Center",10910,37
"Christian-Albrechts-University Kiel Leibniz Institute of Marine Sciences (CAU-IFM-GEOMAR)",10652,2
"Senckenberg Nature Research Society",9858,1
"Royal Belgian Academies of Sciences; Belgian National Committee on Antarctic Research",9676,4
"Bernice P. Bishop Museum",9293,1
"Bishop Museum",9293,1
"Museum of Vertebrate Zoology at UC Berkeley",9293,1
"Technical Innovations, Inc.",9293,1
"VertNet",9293,1
"University of Lodz",9169,2
"Museums Victoria",9062,6
"University of California, San Diego; Scripps Institution of Oceanography San Diego Supercomputer Center (UCSD-SIO)",8785,1
"Ukrainian scientific center of Ecology of Sea (UkrSCES)",8761,5
"Happywhale",8604,43
"happywhale.com",8604,43
"seaturtle.org",8603,113
"University of Bremen",8588,1
"Université Libre de Bruxelles (ULB)",8456,2
"UK Polar Data Centre",8412,1
"Muséum National d'Histoire Naturelle",8329,2
"Cefes / SMSG",8303,1
"Université de Bourgogne Franche-Comté",8303,1
"Vrije Universiteit Brussel (VUB)",8303,1
"Institut Français de Recherche pour l'Exploitation de la Mer (IFREMER)",8291,2
"Institute of Marine Research Norwegian Marine Data Centre (IMR)",8232,2
"Observatoire Pelagis UMS 3462, University La Rochelle - CNRS",8038,3
"Observatoire PELAGIS, UMS 3462, University La Rochelle-CNRS",8038,3
"Macquarie University",7783,2
"Stanford University",6636,1
"Sorbonne Université",6597,3
"Department of Earth, Environmental and Life Science (DISTAV), University of Genoa",6280,2
"Italian National Antarctic Museum (MNA, section of Genoa)",6280,2
"Huntsman Marine Science Centre",6055,1
"Senckenberg Nature Research Society Research Institute and Natural History Museum (SGN)",6006,11
"Russian Academy of Sciences; Zoological Institute of RAS",5971,4
"Centre National de la Recherche Scientifique; Observatoire Océanologique de Villefranche sur Mer Laboratoire d'Océanographie de Villefranche (CNRS-LOV)",5934,2
"European Molecular Biology Laboratory (EMBL)",5934,2
"Institut de la Mer de Villefranche (IMEV)",5934,2
"Tara Oceans Consortium",5934,2
"The National Center for Scientific Research Station Biologique de Roscoff (CNRS-SBR)",5934,2
"Swedish Museum of Natural History (NRM)",5929,2
"Vlaams Instituut voor de Zee (VLIZ)",5789,6
"CSIRO Oceans &amp; Atmosphere",5775,9
"Australia Antarctic Division",5598,11
"Johann Heinrich von Thünen-Institut Institute of Sea Fisheries (vTI-TI/SF)",5586,1
"Museum of New Zealand Te Papa Tongarewa",5463,2
"Australian Antarctic Data Centre, Australia",5367,15
"Australian Museum",4973,6
"Polish Academy of Sciences; Institute of Oceanology Department of Marine Ecology (PAN-IOPAN)",4902,1
"Smithsonian Institution National Museum of Natural History (NMNM)",4789,2
"Smithsonian Institution; National Museum of Natural History (NMNM)",4717,1
"Centro Nacional Patagónico - CONICET",4691,7
"Senckenberg am Meer German Centre for Marine Biodiversity Research (DZMB)",4677,4
"Universiteit Gent; Faculteit Wetenschappen; Vakgroep Biologie Onderzoeksgroep Mariene Biologie (UGent-MARBIOL)",4660,6
"Monterey Bay Aquarium; Research Institute (MBARI)",4480,1
"Royal Belgian Institute of Natural Sciences",4435,10
"Federal Government of the United States of America; Department of Commerce National Oceanic and Atmospheric Administration (NOAA)",4298,2
"Alfred Wegener Institute for Polar- and Marine Research",4156,1
"Russian Academy of Sciences; Zoological Institute; Laboratory of Marine Research",4156,1
"Royal Belgian Institute for Natural Sciences",4117,4
"Ruhr-University Bochum; Faculty of Biology and Biotechnology; Animal Ecology, Evolution and Biodiversity",4104,1
"Japan Agency for Marine-Earth Science and Technology",4048,3
"Koninklijk Belgisch Instituut voor Natuurwetenschappen (IRScNB/KBIN)",4009,11
"Centro Nacional Patagonico-CONICET",3942,5
"German Centre for Marine Biodiversity Research (DZMB), enckenberg Research Institute",3721,1
"Black Bawks Data Science",3627,1
"Department of Ecology and Evolution, Stony Brook University",3627,1
"Mesoscale Atmospheric Processes Laboratory",3627,1
"Oceanites",3627,1
"CSIR / SADCO / AfrOBIS",3578,11
"Senckenberg Research Institute and Natural History Museum",3518,2
"ANU",3412,1
"CSIRO",3318,6
"Instituto de Ecologia, Genetica y Evolucion de Buenos Aires, UBA.",3269,1
"Costa Lab Mammals",3267,13
"Hawaii Institute of Marine Biology",3182,1
"Northeastern University Marine Science Center",3159,1
"Universidad Simón Bolívar",3042,2
"Laboratoire Biogéosciences UMR CNRS 6282",2744,1
"Marine Biology Lab",2744,1
"President of the National Museum History (Paris)",2744,1
"Senckenberg Nature Research Society; Abteilung Marine Zoologie Sektion Crustacea (SGN)",2724,1
"National Academy of Sciences of Ukraine; Institute of Biology of the Southern Seas Department of plankton (NASU)",2677,5
"Hakai Institute",2659,2
"iziko South African Museum",2623,5
"Farallon Institute for Advanced Ecosystem Research",2517,1
"WoRMS Steering Committee (SC)",2125,1
"National Museum of Nature and Science",2027,1
"Institute for Marine and Antarctic Studies (IMAS)Tasmania (UTAS)",2022,1
"CMLRE",1857,26
"NOAA Pacific Islands Science Center",1838,3
"Atmosphere and Ocean Research Institute (AORI)",1809,1
"University of Kansas; Division of Invertebrate Zoology; Department of Ecology and Evolutionary Biology, KU Natural History Museum",1746,1
"University of Hamburg; Zoological Institute und Zoological Museum; Zoological Museum Hamburg",1736,2
"Royal Ontario Museum",1728,2
"Spanish Ministry of Economy and Competiveness Instituto Español de Oceanografía (MINECO-IEO)",1716,1
"Spanish Ministry of Economy and Competiveness; Instituto Español de Oceanografía Centro Oceanográfico de Canarias (MINECO)",1716,1
"Victoria University of Wellington Antarctic Research Centre (ARC)",1704,1
"3Department of Zoology and Animal Biology, University of Geneva",1689,1
"National Oceanography Centr",1689,1
"Natural Environment Research Council",1689,1
"Wadsworth Center",1689,1
"Wake Forest University",1679,3
"Centro de Referência em Informação Ambiental (CRIA)",1614,7
"Royal Belgian Institute of Natural  Sciences",1596,1
"Greenland Institute of Natural Resources",1591,1
"Oceanites Inc",1555,1
"Stony Brook University",1555,1
"University of Canterbury",1555,1
"University of Maryland",1555,1
"University of Washington Burke Museum",1553,1
"San Jose State University",1536,1
"University of California, Santa Cruz",1536,1
"British Antarctic Survey (BAS)",1453,2
"Data Management Group, JAMSTEC",1444,1
"Université Libre de Bruxelles; Faculté des Sciences; Département de Biologie des Organismes; Centre Interuniversitaire de Biologie Marine (ULB - UMH); Unité de Biologie Marine (BIOMAR)",1429,2
"United Nations Environment Programme World Conservation Monitoring Centre (UNEP-UNEP-WCMC)",1408,1
"University of Plymouth (UOP)",1408,1
"Université de Bourgogne; Biogéosciences",1382,1
"Russian Academy of Sciences P. P. Shirshov Institute of Oceanology (RAS-SIO RAS)",1381,14
"Census of Marine Life (COML)",1350,1
"University of Southampton; National Oceanography Centre School of Ocean and Earth Science (SOTON-SOES)",1350,1
"Universiteit Hasselt; Faculteit Wetenschappen; Vakgroep Biologie en Geologie; Centrum voor Milieukunde Onderzoeksgroep Dierkunde: Biodiversiteit en Toxicologie (Uhasselt-CMKDK)",1331,1
"Vrije Universiteit Brussel Fundamental and Applied Marine Ecology Post Graduate Program (VUB-FAME)",1331,1
"UNIVERSIDAD SIMÓN BOLÍVAR",1296,1
"Joint Nature Conservation Committee",1279,1
"Centre for Marine Living Resources &amp; Ecology",1277,16
"Australian National University",1261,1
"Indiana University of Pennsylvania",1261,1
"Vrije Universiteit Brussel",1261,2
"NOAA Pacific Islands Fisheries Science Center",1260,2
"EMC2",1195,1
"KULeuven",1195,1
"Ocean Expeditions",1195,1
"Université de Bourgogne Franche Comté",1195,1
"Université Libre De Bruxelles",1195,1
"Universiteit Gent",1195,1
"Universiteit Gent; Faculteit Wetenschappen; Vakgroep Biologie; Afdeling Nematologie",1176,2
"Belgian Science Policy (BELSPO)",1168,1
"Bioconsult Schuchardt &amp; Scholle Gbr",1168,1
"Commonwealth Scientific &amp; Industrial Research Organisation (CSIRO)",1168,1
"Landcare Research",1168,1
"Lomonosov Moscow State University (MSU)",1168,1
"National Institute of Water and Atmospheric Research (NIWA)",1168,1
"Russian Academy of Sciences; P. P. Shirshov Institute of Oceanology (SIO RAS)",1168,1
"Universidade Federal do Pará",1168,1
"Universität Salzburg",1168,1
"Universiteit Gent; Faculteit Wetenschappen; Vakgroep Biologie; Onderzoeksgroep Mariene Biologie (MARBIOL)",1168,1
"University of Jaén; Faculty of Experimental Sciences; Department of Animal Biology, Vegetal Biology and Ecology",1168,1
"University of Texas at San Antonio (UTSA)",1168,1
"Columbia University Lamont-Doherty Earth Observatory",1130,1
"The University of Queensland",1106,1
"Institute of Marine Research (IMAR)",1104,15
"University of the Azores Department of Oceanography and Fisheries (UAC-DOP)",1104,15
"Alfred Wegener Institute Hemholtz Centre for Polar and Marine Research",1075,1
"Institute for Ecosystem Research of Kiel University",1075,1
"Landesamt für Landwirtschaft, Umwelt und ländliche Räume",1075,1
"National University of Ireland; Martin Ryan Marine Science Institute; Department of Zoology",1074,1
"/",1057,1
"Royal Belgian Institute for Natural Sceinces",1057,1
"Université Pierre et Marie Curie and Centre National de la Recherche Scientifique (CNRS)",1057,1
"South Australian Museum",1046,6
"Marine Institute Ireland (MI)",1023,1
"Kingston",1021,1
"Spanish Council for Scientific Research Institute of Marine Sciences (CSIC-ICM)",969,2
"University of California, Santa Cruz; Biology Departement",958,1
"University of British Columbia; Aquatic Ecosystems Research Laboratory",953,1
"Department of Physical, Earth and Environmental Sciences, University of Siena, Siena, Italy &amp; Italian National Antarctic Museum (MNA, Section of Genoa)",948,2
"Columbia University; Lamont-Doherty Earth Observatory",940,1
"Italian National Antarctic Museum (MNA, Section of Genoa)",844,3
"Department of Earth, Environmental and Life Sciences (DISTAV)",812,1
"DISTAV - University of Genoa &amp; Italian National Antarctic Museum (MNA)",812,1
"Canadian Museum of Nature",801,2
"Department of Plankton",780,1
"Natural History Museum",768,2
"UNESCO",756,1
"University of Glasgow",756,1
"Universidade Federal do Rio de Janeiro",750,1
"BrachNet",736,1
"Migration and foraging ecology of Greater Shearwater",720,1
"U.S. Geological Survey, Patuxent Wildlife Research Center",692,1
"The Sir Alister Hardy Foundation for Ocean Science (SAHFOS)",685,1
"Muséum national d’Histoire naturelle",678,2
"Aquarium de Paris - Cinéaqua",663,1
"Muséum National d'Histoire Naturelle, Station de Biologie  Marine, 29182",663,1
"Université Libre de Bruxelles, Marine Biology Department",663,1
"University of Liege, Laboratory of Oceanology",663,1
"Center for Coastal and Ocean Mapping, University of New Hampshire",658,1
"Universidad de Concepción Centre for Oceanographic Research in the eastern South Pacific (COPAS)",651,1
"Biocentre Grindel and Zoological Museum",641,1
"La Trobe Institute for Molecular Science",641,1
"Geomarine Research",635,1
"University of Genova; Facoltà di Scienze Matematiche Fisiche e Naturali; Dipartimento per lo Studio del Territorio e delle sue Risorse",634,1
"Tasmanian Museum and Art Gallery",614,3
"University of Lodz; Dept. Invertebrate Zoology &amp; Hydrobiology; Laboratory of Polar Biology and Oceanobiology",610,4
"Institute of Marine Research Marine Mammals Research Group (IMR)",609,1
"University of Alaska Fairbanks; School of Fisheries and Ocean Sciences",588,6
"Smithsonian Tropical Research Institute",575,1
"Earthwatch Australia",574,1
"Southern Cross University",574,1
"Queensland Museum",569,9
"National Chemical Laboratory; Information Division",563,1
"Marine Turtle Research Group",556,8
"Italian National Antarctic Museum (MNA), Section of Genoa",535,1
"National Research Council of Italy, Water Research Institute (CNR-IRSA)",535,1
"Marine Research Institute Iceland (MRI)",533,1
"University of Exeter",530,3
"Russian Academy of Sciences",522,1
"South Australian Museum; Department of Invertebrates",517,1
"Alfred Wegener Institute",516,1
"Monash University",516,1
"University of Alabama at Birmingham",516,1
"South African Institute for Aquatic Biodiversity (SAIAB)",485,1
"Fraunhofer AICOS",484,1
"Spanish Council for Scientific Research Instituto de Investigaciones Marinas de Vigo (CSIC-IIM)",484,1
"University of Algarve; Faculty of Marine and Environmental Sciences Centre of Marine Sciences (UALG-CCMAR)",484,1
"University of Porto Interdisciplinary Centre for Marine and Environmental Research (Porto) (CIIMAR)",484,1
"University of Rhode Island",466,3
"Government of Canada; Department of Fisheries and Oceans Bedford Institute of Oceanography (DFO-BIO)",458,4
"Bureau of Rural Sciences",450,1
"Koninklijk Belgisch Instituut voor Natuurwetenschappen; Departement Invertebraten",450,1
"Russian Academy of Sciences Zoological Institute of RAS (RAS-ZIN)",449,4
"Stellwagen",443,1
"Australasian Seabird Group, Birdlife Australia",433,1
"Marine Biology Research Group, Ghent University",420,1
"Italian National Museum (MNA, Section of Genoa)",397,1
"Italian National Research Council",397,1
"UkrSCES",379,2
"Department of Earth, Environmental and Life Science (DISTAV, Genoa, Italy) Italian National Antarctic Museum (MNA, Section of Genoa)",374,1
"Department of Geosciences, University of Padova, Italy",374,1
"Department of Physical, Earth and Environmental Sciences, University of siena, Italy &amp; Italian National Antarctic Museum (MNA, Section of Genoa)",374,1
"Dominica Sea Turtle Conservation Organization",374,2
"Italian National Antarcrtic Museum",374,1
"Italian National Antarctic Museum",374,1
"Australian Institute of Marine Science",363,2
"University of Tasmania",363,2
"Department of Earth, Environmental and Life Sciences (DISTAV) &amp; Italian National Antarctic Museum (MNA, Section of Genoa)",353,2
"LGL Limited - Environmental Research Associates",345,1
"National Science Foundation",345,1
"University of Colorado Museum of Natural History",345,1
"NOAA Northeast Fisheries Science Center",340,6
"Fundacion Oceanografic",334,2
"ACE CRC and IMAS University of Tasmania",333,1
"Sea Mammal Research Unit, Scottish Oceans Institute, University of St. Andrews",331,2
"Kate Arnold",329,1
"UK Hydrographic Office",329,1
"Deakin University",328,1
"University of Cape Town; Department of Zoology",323,1
"Ghent University",304,1
"IMAS - UNIVERSITY OF TASMANIA",301,1
"Centre d'Estudis Avancats de Blanes-CSIC",297,1
"Charles Darwin Foundation",297,1
"Fundación Ictiológica",297,1
"Hawaii Institute of Marine Biology, University of Hawaii",297,1
"Instituto Antártico Argentino/Dirección Nacional del Antártico/Cancilleria Argentina",297,1
"Instituto Antártico Chileno",297,1
"National Geographic Society",297,1
"The Pew Charitable Trusts",297,1
"Universidad de Valparaíso",297,1
"Universidad Nacional de Córdoba",297,1
"University of Hawaiï",297,1
"University of  São Paulo Instituto Oceanográfico (IOUSP)",291,1
"Federal Government of the United States of America; Department of Commerce; National Oceanic and Atmospheric Administration; National Marine Fisheries Service; Pacific Islands Fisheries Science Center Coral Reef Ecosystem Division (NOAA-CRED)",283,5
"National Oceanic and Atmospheric Administration; National Marine Fisheries Service Pacific Islands Fisheries Science Center (NOAA-PIFSC)",283,5
"Hartpury College",277,2
"NOAA Southeast Fisheries Science Center",275,8
"Museum and Art Gallery of the Northern Territory",262,8
"NAFO Secretariat",259,3
"IFREMER",251,1
"International Fund for Animal Welfare c/o Song of the Whale team, MCR International",251,1
"Moscow State University; Faculty of Biology Department of Hydrobiology (MSU)",251,1
"The Agreement on the Conservation of Cetaceans of the Black Sea, Mediterranean Sea and contiguous Atlantic Area (ACCOBAMS) and Whale and Dolphin Conservation Society (WDCS)",251,1
"Center for Conservation Biology",250,1
"Department of Primary Industries, Parks, water and Environment",239,1
"IMAS-Univeristy of Tasmania",239,1
"IMAS-University of Tasmania",239,1
"University of Copenhagen; Faculty of Science; Natural History Museum of Denmark; The Zoological Museum The Danish Biodiversity Information Facility (KU-DanBIF)",239,1
"Sea Mammal Research Unit, University of St. Andrews",229,2
"Drexel University Academy of Natural Sciences",221,1
"Drexel University; Academy of Natural Sciences",221,1
"Department of Polar Biology and Oceanobiology, University of Lodz",217,1
"National Institute of Water and Atmospheric Research (NIWA), Wellington",217,1
"Russian Academy of Sciences Far Eastern Branch (RAS-FEB)",211,1
"University of Hawaii at Manoa",206,7
"Grupo Tortuguero Tracking Project",205,1
"Massey University",204,1
"North Carolina Aquarium at Pine Knoll Shores",204,1
"National Oceanic and Atmospheric Administration; National Environmental Satellite, Data and Information Service National Oceanographic Data Center (NOAA-NODC)",200,1
"School of Aquatic and Fishery Science, University of Washington",199,1
"School of Aquatic and Fishery Sciences, University of Washington",199,1
"Lomonosov Moscow State University Zoological Museum (MSU)",196,2
"ProDelphinus",196,3
"Argentine Museum of Natural Sciences",195,1
"Koninklijk Nederlands Instituut voor Onderzoek der Zee NIOZ Yerseke (NIOZ)",183,1
"Koninklijk Nederlands Instituut voor Onderzoek der Zee; NIOZ Yerseke Afdeling Ecosysteem Studies (NIOZ-YES)",183,1
"Natural History Museum London",180,1
"University of Gothenburg",180,1
"Naval Facilities Engineering Command Atlantic",178,3
"Conservation Biology Unit, Royal Belgian Institute for Natural Sciences",169,1
"Laboratory for Polar Ecology",169,1
"Observatorio Ambiental Granadilla",168,1
"National Oceanography Centre",167,1
"University of Valencia",167,1
"Projeto Tamar-Ibama",164,1
"Green Heritage Fund of Suriname",156,3
"Wageningen Marine Research, University of Wageningen",156,3
"University of Pisa",147,4
"AfrOBIS",146,1
"ELMO (South African Elasmobranch Monitoring)",146,1
"Dalhousie University",144,3
"Western Australian Museum",142,4
"and Life Sciences (DISTAV) &amp; Italian National Antarctic Museum (MNA, Section of Genoa)",136,1
"Department of Ecological and Biological Sciences (DEB), Tuscia University, Viterbo, Italy",136,1
"University of Alaska Fairbanks; EWHALE lab",136,1
"Forschungsinstitut Senckenberg",135,1
"Government of Canada; Department of Fisheries and Oceans; Bedford Institute of Oceanography; Ocean Sciences Division; Biological Oceanography",133,2
"Diversity of the Indo-Pacific",132,1
"Marion Island Wanderers &amp; Winds",130,1
"Conservation of Arctic Flora and Fauna (CAFF)",127,2
"CAFF Secretariat",126,1
"Conservation of Arctic Flora and Fauna (CAFF) Secretariat",126,1
"Eamer Science &amp; Policy",126,1
"Environment and Climate Change Canada",126,1
"Polar Knowledge Canada",126,1
"Zoological Society of London",126,1
"Neonate tracking project",123,1
"Dominica Sea Turtle Conservation Organization and Oceans Forward",120,1
"Institut de Recherche pour le Développement Centre de Nouméa (IRD)",120,1
"National Natural History Museum Paris Department Systematics and Evolution (MNHN)",120,1
"Universidad de Salamanca",110,1
"National Academy of Sciences of Ukraine; Institute of Biology of the Southern Seas Department of mariculture and applied oceanology (NASU)",103,1
"Marine Turtle Conservation and Monitoring Program Palau",97,1
"Russian Academy of Sciences; Far Eastern Branch Institute of Marine Biology (RAS)",97,3
"CESIMAR-CENPAT-CONICET",96,6
"Florida Musuem of Natural History",94,1
"Gothenburg Museum of Natural History",91,1
"Envirosphere Consultants Ltd",90,1
"Universite de Montreal Biodiversity Centre",90,1
"Proyecto Aegina",89,4
"Smithsonian Environmental Research Center; Marine Invasions Research Lab",86,1
"Belgian Royal Institute of Natural Sciences",85,1
"Marine and Coastal Management; Department of Environmental Affairs and Tourism",84,2
"Marine Research Foundation - Marine Turtle Programme",83,3
"Greater Shearwaters in the Gulf of Maine",78,1
"The University of Dublin, Trinity College (TCD)",77,1
"World Whaling Project",77,1
"MNHN - Museum national d'Histoire naturelle",73,3
"Christian-Albrechts-University Kiel Institute for Polar Ecology (CAU-IPOE)",72,1
"Dept Animal and Land Science, Hartpury College",72,2
"OD Nature, Royal Belgian Institute for Natural Sciences",70,1
"ARTOO Marine Biology Consultants",67,1
"McMaster Univeristy",67,1
"Seguimiento de juveniles de Tortuga boba",67,2
"University of Auckland",67,1
"Dauphin Island Sea Lab",66,1
"Louisiana State University; Department of Oceanography and Coastal Sciences",66,1
"Nova Scotia Museum",65,1
"Russian Academy of Sciences A.N. Severtsov Institute of Ecology and Evolution (RAS)",64,1
"KwaZulu-Natal Museum",62,1
"Texas A&amp;M University Department of Wildlife and Fisheries Sciences",62,1
"Russian Academy of Sciences Zoological Institute of RAS",58,1
"HDR Environmental, Operations and Construction, Inc.",57,1
"Fisheries Bycatch Research Group",56,3
"Atmosphere and Ocean Research Institute, The University of Tokyo (Hatase)",52,2
"John Calambokidis",51,1
"Uni Research",49,2
"ANTABIF",47,1
"Cascadia Research Collective",45,2
"Columbia University",45,1
"Duke University",45,1
"National Institute of Water &amp; Atmospheric Research",45,1
"Oregon State University",45,1
"LGSTRC",43,1
"Laboratory of structure and dynamics of plankton communities",40,1
"Koninklijk Nederlands Instituut voor Onderzoek der Zee (NIOZ)",39,1
"Bangladesh Sea Turtle Satellite Tracking Project-Marinelife Alliance",38,1
"Auckland War Memorial Museum",37,1
"California Academy of Sciences; Department of Ichthyology",36,1
"University of New Hampshire (NHU)",36,1
"Bardi Jawi Turtle Tracking",34,2
"Dubai Turtle Rehabilitation Project",34,1
"IRD - UR 227 Biocomplexité des écosystèmes récifaux",33,1
"Muséum national d'Histoire naturelle (MNHN - Paris)",32,2
"Muséum national d'Histoire naturelle",31,1
"USFWS Endangered Species Unit",30,1
"USGS Alaska Science Center - Biological Science Office",30,1
"Universidad de Concepción; Centre for Oceanographic Research in the eastern South Pacific (COPAS)",29,1
"Southwest Pacific OBIS node",28,1
"www.eShark.org",28,1
"Bioscience Research Institute, University of Southern Maine",27,2
"University of Leuven",26,1
"University of LeuvenRoyal Belgian Institute of Natural Sciences",26,1
"University of Liège",26,1
"Gabon Olive Ridley Program",25,2
"Institute for Marine and Antarctic Studies University of Tasmania",25,1
"National Natural History Museum Paris Département Milieux et Peuplements Aquatiques (MNHN-DMPA)",25,1
"Alfred-Wegener Institute, Helmholtz Centre for Polar and Marine Research",24,1
"BCCM/ULC culture collection at the University of  Liège",24,1
"BCCM/ULC culture collection at the University of Liège",24,1
"BCCM/ULC culture collection at University of Liège",24,1
"InBios-Centre for Protein Engineering",24,1
"Laboratory of Biodiversity and Evolutionary Genomics, KU Leuven",24,1
"Australian Institute of Marine Science (AIMS)",23,2
"Koninklijk Belgisch Instituut voor Natuurwetenschappen",22,1
"HAB Centre Copenhagen",21,1
"AfrOBIS / CSIR",20,1
"Cetacean Assessment and Ecology Program, National Marine Mammal Laboratory",20,1
"Fish and Wildlife Research Institute",20,1
"Rhodes University",20,1
"Western Australian Sea Turtle Satellite Tracking Project",20,3
"Carl von Ossietzky University of Oldenburg",19,2
"Icelandic Institute of Natural History",19,2
"Senckenberg am Meer",19,2
"University of Hamburg (UNI HH)",19,2
"University of Hamburg Center of Natural History (UNI HH-CeNak)",19,2
"University of Hamburg; Faculty of Biology Zoological Institute und Zoological Museum (UNI HH)",19,2
"University of Iceland",19,2
"New England Aquarium",17,1
"Wildlife Conservation Society",17,2
"Blackbeard Biologic: Science and Environmental Advisors",16,1
"CPPS",16,2
"Department of Biology and Marine Biology, University of North Carolina Wilmington",16,1
"Department of Biology, Duke University",16,1
"Department of Biology, University of New Mexico",16,1
"Department of Ecology and Evolutionary Biology, Brown University",16,1
"Department of Invertebrate Zoology, Santa Barbara Museum of Natural History",16,1
"Department of Oceanography and Coastal Sciences, Louisiana State University",16,1
"Georgia Aquarium",16,1
"Marine Megafauna Foundation",16,1
"Natural History Section, Royal British Columbia Museum",16,1
"School of Aquatic &amp; Fishery Sciences, University of Washington",16,1
"Technical University of Denmark",16,1
"CENPAT-CONICET",15,2
"CNRS Biogeosciences UMR 6282",15,1
"Government of Canada; Department of Fisheries and Oceans",15,1
"MNHN Département Milieux et Peuplements Aquatiques, UMR BOREA 7208",15,1
"Muséum national d’Histoire naturelle, Département Systématique et Évolution, UMR ISYEB 7205",15,1
"Tree Foundation",15,1
"UMR 6282 Biogéosciences, Univ. Bourgogne Franche-Comté, CNRS",15,1
"ECOCEAN USA",13,1
"National Marine Aquarium",13,1
"Tracking Sea Turtles in the Riviera Nayarit, Mexico.",13,2
"Academia Sinica Biodiversity Research Centre",12,1
"Fish Genetics and Biotechnology Division, Central Institute of Freshwater Aquaculture",12,1
"Georgia Department of Natural Resources",12,1
"KU Biodiversity Institute",12,1
"National Institute of Oceanography; Biological Oceanography",12,1
"Sea Turtle Conservation Bonaire",12,1
"Dept. of Biology, Queen’s University",11,1
"Dept. of Oceanography, Dalhousie University",11,1
"Marine Biological Association of the UK The Archive for Marine Species and Habitats Data (MBA-DASSH)",11,1
"Marine Conservation Society (MCS)",11,1
"University of Liverpool",11,1
"BOLD",10,1
"CSIRO Oceans and Atmosphere, Information and Data Centre",10,1
"National Museum of Natural History",10,1
"Organización para la Sustentabilidad y Conservación del Medio Ambiente",10,1
"Queen Victoria Museum and Art Gallery",10,2
"Provincetown Center for Coastal Studies",9,2
"Sea Education Associaton",9,1
"Kenya Marine and Fisheries Research Institute Mombasa Centre (KMFRI)",8,1
"National Natural History Museum Paris Service du Patrimoine naturel (MNHN-SPN)",8,1
"Perth Cultural Centre",8,1
"Université de La Rochelle Observatoire Pelagis (UMS 3462)",8,1
"Universiteit Gent; Faculteit Wetenschappen Vakgroep Biologie (UGent)",8,1
"Universiteit Hasselt; Centre for Environmental Sciences; Onderzoeksgroep Dierkunde: Biodiversiteit en Toxicologie (CMKDK)",8,1
"Biosphere Expeditions",7,2
"Department of Wildlife and Fisheries",7,1
"USGS Greater Everglades Sea Turtles",7,1
"ASRC Energy Services, Inc.",6,2
"Florida Gulf Coast University",6,1
"Hellenic Centre for Marine Research - Institute of Marine Biology, Biotechnology and Aquaculture",6,1
"MarAlliance - Sharks and Rays Program",6,1
"PRETOMA and Turtle Island Restoration Network",6,1
"TGS-NOPEC Geophysical Company",6,2
"University of Costa Rica; Department of Biology Museum of Zoology",6,1
"University of Costa Rica; Department of Biology; Museum of Zoology",6,1
"Wildlife Division of Forestry Commission",6,1
"WWF Italy's Sea Turtle Network",6,2
"Bureau of Safety and Environmental Enforcement",5,1
"CADIC-CONICET",5,1
"Grupo de trabajo para la tortuga carey (Mexico)",5,1
"Institute for Marine and Antarctic Studies (IMAS), University of Tasmania (UTAS)dvanced Studies, Charles Darwin University (CDU)",5,1
"National Environment Research Council",5,1
"Plymouth Marine Laboratory (PML)",5,1
"University of Dundee",5,1
"Department of Lands &amp; Natural Resources, Division of Fish &amp; Wildlife, Sea Turtle Program",4,1
"Dragonfly Data Science",4,1
"Emirates Wildlife Society WWF - Marine Research Foundation",4,2
"Marine Environmental Monitoring",4,1
"Marine Research Foundation",4,2
"Marymount University and Hawksbill Hope in Belize",4,1
"National Biodiversity Network Trust (NBN)",4,1
"NMFS Office of Protected Resources",4,1
"Udayana University - WWF Joint Program",4,2
"Wageningen IMARES, Institute for Marine Resources and Ecosystem Studies",4,1
"WWF-Malaysia",4,1
"ARCHELON (2004-2007)",3,1
"Aubrey Strydom",3,2
"Cawthron Institute",3,1
"Centro Oceanografico de Vigo, Instituto Espanol de Oceanografia",3,1
"Christian-Albrechts-University Kiel Zoologisches Museum (CAU)",3,1
"CSS, Inc.",3,1
"FEMM",3,1
"IOC-UNESCO",3,1
"Kochi University, Laboratory of Aquatic Environmental Science",3,1
"Laboratoire des Micro-algues Toxiques, Institut Louis Malarde",3,1
"National Biodiversity Data Centre",3,2
"NOAA, National Ocean Service",3,1
"non- profit organization",3,1
"Ocean Tester, LLC",3,1
"Regional Program for Sea Turtle Research and Conservation of Argentina (PRICTMA)",3,1
"Research Center for Oceanography",3,1
"Smithsonian Institution",3,1
"University of Málaga; Faculty of Sciences Departamento de Biología Vegetal",3,1
"WWF Canada/LAC",3,1
"ASEAN Centre for Biodiversity",2,2
"Cornell Lab of Ornithology",2,1
"CSIRO National Collections and Marine Infrastructure Data Centre",2,1
"Federal Government of the United States of America; Department of Commerce; National Oceanic and Atmospheric Administration; National Marine Fisheries Service; Northeast Fisheries Science Center (NEFSC)",2,1
"Fur seal, pelagic shark and seabird tracking",2,1
"Islameta Group, Dept. of Biology - University of Pisa",2,2
"Klaipeda University Marine research institute",2,1
"National Oceanic and Atmospheric Administration; National Marine Fisheries Service Northeast Fisheries Science Center (NOAA-NEFSC)",2,1
"South Carolina Department of Natural Resources; Marine Resources Research Institute Southeastern Regional Taxonomic Center (SCDNR-SERTC)",2,1
"Troy University",2,1
"Arizona State University",1,1
"DEKAMER-DENIZ KAPLUMBAGALARI ARASTIRMA MERKEZI (SEA TURTLE RESEARCH CENTER)",1,1
"Marine and Coastal Management Department of Environmental Affairs and Tourism",1,1
"Mediterranean Association to Save the Sea Turtles MEDASSET",1,1
"Milwaukee Public Museum",1,1
"National Marine Life Center",1,1
"NatureWatch NZ",1,1
"North Carolina Renewable Ocean Energy Program",1,1
"Smithsonian Institute",1,1
"The Ornithological Society of New Zealand",1,1
"The Plankton Society of Japan, The Japanese Association of Benthology",1,1
"Universidad Nacional de Colombia Marine and Coastal Research Institute ""Jose Benito Vives De Andréis"" (INVEMAR)",1,1
"Universidad Nacional de Colombia; Marine and Coastal Research Institute ""Jose Benito Vives De Andréis"" (INVEMAR)",1,1
"University of Cape Town Botany Department",1,1
"University of Cape Town; Botany Department",1,1
"University of Gothenburg; Faculty of Science Department of Biological and Environmental Sciences",1,1
"Yayasan Pulau Banyak, Aceh, Indonesia",1,1
